catalogCode,educationLevel,categoryCode,categoryName,classCode,className,majorCode,majorName,parentCode,itemLevel,source
MOE_GRADUATE_2022,GRADUATE,01,哲学,,,01,哲学,,CATEGORY,中华人民共和国教育部
MOE_GRADUATE_2022,GRADUATE,01,哲学,,,0101,哲学,01,DISCIPLINE,中华人民共和国教育部
MOE_GRADUATE_2022,GRADUATE,01,哲学,,,0151,应用伦理,01,FIELD,中华人民共和国教育部
MOE_GRADUATE_2022,GRADUATE,02,经济学,,,02,经济学,,CATEGORY,中华人民共和国教育部
MOE_GRADUATE_2022,GRADUATE,02,经济学,,,0201,理论经济学,02,DISCIPLINE,中华人民共和国教育部
MOE_GRADUATE_2022,GRADUATE,02,经济学,,,0202,应用经济学,02,DISCIPLINE,中华人民共和国教育部
MOE_GRADUATE_2022,GRADUATE,02,经济学,,,0251,金融,02,FIELD,中华人民共和国教育部
MOE_GRADUATE_2022,GRADUATE,02,经济学,,,0252,应用统计,02,FIELD,中华人民共和国教育部
MOE_GRADUATE_2022,GRADUATE,02,经济学,,,0253,税务,02,FIELD,中华人民共和国教育部
MOE_GRADUATE_2022,GRADUATE,02,经济学,,,0254,国际商务,02,FIELD,中华人民共和国教育部
MOE_GRADUATE_2022,GRADUATE,02,经济学,,,0255,保险,02,FIELD,中华人民共和国教育部
MOE_GRADUATE_2022,GRADUATE,02,经济学,,,0256,资产评估,02,FIELD,中华人民共和国教育部
MOE_GRADUATE_2022,GRADUATE,02,经济学,,,0258,数字经济,02,FIELD,中华人民共和国教育部
MOE_GRADUATE_2022,GRADUATE,03,法学,,,03,法学,,CATEGORY,中华人民共和国教育部
MOE_GRADUATE_2022,GRADUATE,03,法学,,,0301,法学,03,DISCIPLINE,中华人民共和国教育部
MOE_GRADUATE_2022,GRADUATE,03,法学,,,0302,政治学,03,DISCIPLINE,中华人民共和国教育部
MOE_GRADUATE_2022,GRADUATE,03,法学,,,0303,社会学,03,DISCIPLINE,中华人民共和国教育部
MOE_GRADUATE_2022,GRADUATE,03,法学,,,0304,民族学,03,DISCIPLINE,中华人民共和国教育部
MOE_GRADUATE_2022,GRADUATE,03,法学,,,0305,马克思主义理论,03,DISCIPLINE,中华人民共和国教育部
MOE_GRADUATE_2022,GRADUATE,03,法学,,,0306,公安学,03,DISCIPLINE,中华人民共和国教育部
MOE_GRADUATE_2022,GRADUATE,03,法学,,,0307,中共党史党建学,03,DISCIPLINE,中华人民共和国教育部
MOE_GRADUATE_2022,GRADUATE,03,法学,,,0308,纪检监察学,03,DISCIPLINE,中华人民共和国教育部
MOE_GRADUATE_2022,GRADUATE,03,法学,,,0351,法律,03,DISCIPLINE,中华人民共和国教育部
MOE_GRADUATE_2022,GRADUATE,03,法学,,,0352,社会工作,03,DISCIPLINE,中华人民共和国教育部
MOE_GRADUATE_2022,GRADUATE,03,法学,,,0353,警务,03,FIELD,中华人民共和国教育部
MOE_GRADUATE_2022,GRADUATE,03,法学,,,0354,知识产权,03,FIELD,中华人民共和国教育部
MOE_GRADUATE_2022,GRADUATE,03,法学,,,0355,国际事务,03,FIELD,中华人民共和国教育部
MOE_GRADUATE_2022,GRADUATE,04,教育学,,,04,教育学,,CATEGORY,中华人民共和国教育部
MOE_GRADUATE_2022,GRADUATE,04,教育学,,,0401,教育学,04,DISCIPLINE,中华人民共和国教育部
MOE_GRADUATE_2022,GRADUATE,04,教育学,,,0402,心理学（可授教育学、理学学位）,04,DISCIPLINE,中华人民共和国教育部
MOE_GRADUATE_2022,GRADUATE,04,教育学,,,0403,体育学,04,DISCIPLINE,中华人民共和国教育部
MOE_GRADUATE_2022,GRADUATE,04,教育学,,,0451,教育,04,DISCIPLINE,中华人民共和国教育部
MOE_GRADUATE_2022,GRADUATE,04,教育学,,,0452,体育,04,DISCIPLINE,中华人民共和国教育部
MOE_GRADUATE_2022,GRADUATE,04,教育学,,,0453,国际中文教育,04,DISCIPLINE,中华人民共和国教育部
MOE_GRADUATE_2022,GRADUATE,04,教育学,,,0454,应用心理,04,DISCIPLINE,中华人民共和国教育部
MOE_GRADUATE_2022,GRADUATE,05,文学,,,05,文学,,CATEGORY,中华人民共和国教育部
MOE_GRADUATE_2022,GRADUATE,05,文学,,,0501,中国语言文学,05,DISCIPLINE,中华人民共和国教育部
MOE_GRADUATE_2022,GRADUATE,05,文学,,,0502,外国语言文学,05,DISCIPLINE,中华人民共和国教育部
MOE_GRADUATE_2022,GRADUATE,05,文学,,,0503,新闻传播学,05,DISCIPLINE,中华人民共和国教育部
MOE_GRADUATE_2022,GRADUATE,05,文学,,,0551,翻译,05,DISCIPLINE,中华人民共和国教育部
MOE_GRADUATE_2022,GRADUATE,05,文学,,,0552,新闻与传播,05,FIELD,中华人民共和国教育部
MOE_GRADUATE_2022,GRADUATE,05,文学,,,0553,出版,05,DISCIPLINE,中华人民共和国教育部
MOE_GRADUATE_2022,GRADUATE,06,历史学,,,06,历史学,,CATEGORY,中华人民共和国教育部
MOE_GRADUATE_2022,GRADUATE,06,历史学,,,0601,考古学,06,DISCIPLINE,中华人民共和国教育部
MOE_GRADUATE_2022,GRADUATE,06,历史学,,,0602,中国史,06,DISCIPLINE,中华人民共和国教育部
MOE_GRADUATE_2022,GRADUATE,06,历史学,,,0603,世界史,06,DISCIPLINE,中华人民共和国教育部
MOE_GRADUATE_2022,GRADUATE,06,历史学,,,0651,博物馆,06,FIELD,中华人民共和国教育部
MOE_GRADUATE_2022,GRADUATE,07,理学,,,07,理学,,CATEGORY,中华人民共和国教育部
MOE_GRADUATE_2022,GRADUATE,07,理学,,,0701,数学,07,DISCIPLINE,中华人民共和国教育部
MOE_GRADUATE_2022,GRADUATE,07,理学,,,0702,物理学,07,DISCIPLINE,中华人民共和国教育部
MOE_GRADUATE_2022,GRADUATE,07,理学,,,0703,化学,07,DISCIPLINE,中华人民共和国教育部
MOE_GRADUATE_2022,GRADUATE,07,理学,,,0704,天文学,07,DISCIPLINE,中华人民共和国教育部
MOE_GRADUATE_2022,GRADUATE,07,理学,,,0705,地理学,07,DISCIPLINE,中华人民共和国教育部
MOE_GRADUATE_2022,GRADUATE,07,理学,,,0706,大气科学,07,DISCIPLINE,中华人民共和国教育部
MOE_GRADUATE_2022,GRADUATE,07,理学,,,0707,海洋科学,07,DISCIPLINE,中华人民共和国教育部
MOE_GRADUATE_2022,GRADUATE,07,理学,,,0708,地球物理学,07,DISCIPLINE,中华人民共和国教育部
MOE_GRADUATE_2022,GRADUATE,07,理学,,,0709,地质学,07,DISCIPLINE,中华人民共和国教育部
MOE_GRADUATE_2022,GRADUATE,07,理学,,,0710,生物学,07,DISCIPLINE,中华人民共和国教育部
MOE_GRADUATE_2022,GRADUATE,07,理学,,,0711,系统科学,07,DISCIPLINE,中华人民共和国教育部
MOE_GRADUATE_2022,GRADUATE,07,理学,,,0712,科学技术史（可授理学、工学、农学、医学学位）,07,DISCIPLINE,中华人民共和国教育部
MOE_GRADUATE_2022,GRADUATE,07,理学,,,0713,生态学,07,DISCIPLINE,中华人民共和国教育部
MOE_GRADUATE_2022,GRADUATE,07,理学,,,0714,统计学（可授理学、经济学学位）,07,DISCIPLINE,中华人民共和国教育部
MOE_GRADUATE_2022,GRADUATE,07,理学,,,0751,气象,07,DISCIPLINE,中华人民共和国教育部
MOE_GRADUATE_2022,GRADUATE,08,工学,,,08,工学,,CATEGORY,中华人民共和国教育部
MOE_GRADUATE_2022,GRADUATE,08,工学,,,0801,力学（可授工学、理学学位）,08,DISCIPLINE,中华人民共和国教育部
MOE_GRADUATE_2022,GRADUATE,08,工学,,,0802,机械工程,08,DISCIPLINE,中华人民共和国教育部
MOE_GRADUATE_2022,GRADUATE,08,工学,,,0803,光学工程,08,DISCIPLINE,中华人民共和国教育部
MOE_GRADUATE_2022,GRADUATE,08,工学,,,0804,仪器科学与技术,08,DISCIPLINE,中华人民共和国教育部
MOE_GRADUATE_2022,GRADUATE,08,工学,,,0805,材料科学与工程（可授工学、理学学位）,08,DISCIPLINE,中华人民共和国教育部
MOE_GRADUATE_2022,GRADUATE,08,工学,,,0806,冶金工程,08,DISCIPLINE,中华人民共和国教育部
MOE_GRADUATE_2022,GRADUATE,08,工学,,,0807,动力工程及工程热物理,08,DISCIPLINE,中华人民共和国教育部
MOE_GRADUATE_2022,GRADUATE,08,工学,,,0808,电气工程,08,DISCIPLINE,中华人民共和国教育部
MOE_GRADUATE_2022,GRADUATE,08,工学,,,0809,电子科学与技术（可授工学、理学学位）,08,DISCIPLINE,中华人民共和国教育部
MOE_GRADUATE_2022,GRADUATE,08,工学,,,0810,信息与通信工程,08,DISCIPLINE,中华人民共和国教育部
MOE_GRADUATE_2022,GRADUATE,08,工学,,,0811,控制科学与工程,08,DISCIPLINE,中华人民共和国教育部
MOE_GRADUATE_2022,GRADUATE,08,工学,,,0812,计算机科学与技术（可授工学、理学学位）,08,DISCIPLINE,中华人民共和国教育部
MOE_GRADUATE_2022,GRADUATE,08,工学,,,0813,建筑学,08,DISCIPLINE,中华人民共和国教育部
MOE_GRADUATE_2022,GRADUATE,08,工学,,,0814,土木工程,08,DISCIPLINE,中华人民共和国教育部
MOE_GRADUATE_2022,GRADUATE,08,工学,,,0815,水利工程,08,DISCIPLINE,中华人民共和国教育部
MOE_GRADUATE_2022,GRADUATE,08,工学,,,0816,测绘科学与技术,08,DISCIPLINE,中华人民共和国教育部
MOE_GRADUATE_2022,GRADUATE,08,工学,,,0817,化学工程与技术,08,DISCIPLINE,中华人民共和国教育部
MOE_GRADUATE_2022,GRADUATE,08,工学,,,0818,地质资源与地质工程,08,DISCIPLINE,中华人民共和国教育部
MOE_GRADUATE_2022,GRADUATE,08,工学,,,0819,矿业工程,08,DISCIPLINE,中华人民共和国教育部
MOE_GRADUATE_2022,GRADUATE,08,工学,,,0820,石油与天然气工程,08,DISCIPLINE,中华人民共和国教育部
MOE_GRADUATE_2022,GRADUATE,08,工学,,,0821,纺织科学与工程,08,DISCIPLINE,中华人民共和国教育部
MOE_GRADUATE_2022,GRADUATE,08,工学,,,0822,轻工技术与工程,08,DISCIPLINE,中华人民共和国教育部
MOE_GRADUATE_2022,GRADUATE,08,工学,,,0823,交通运输工程,08,DISCIPLINE,中华人民共和国教育部
MOE_GRADUATE_2022,GRADUATE,08,工学,,,0824,船舶与海洋工程,08,DISCIPLINE,中华人民共和国教育部
MOE_GRADUATE_2022,GRADUATE,08,工学,,,0825,航空宇航科学与技术,08,DISCIPLINE,中华人民共和国教育部
MOE_GRADUATE_2022,GRADUATE,08,工学,,,0826,兵器科学与技术,08,DISCIPLINE,中华人民共和国教育部
MOE_GRADUATE_2022,GRADUATE,08,工学,,,0827,核科学与技术,08,DISCIPLINE,中华人民共和国教育部
MOE_GRADUATE_2022,GRADUATE,08,工学,,,0828,农业工程,08,DISCIPLINE,中华人民共和国教育部
MOE_GRADUATE_2022,GRADUATE,08,工学,,,0829,林业工程,08,DISCIPLINE,中华人民共和国教育部
MOE_GRADUATE_2022,GRADUATE,08,工学,,,0830,环境科学与工程（可授工学、理学、农学学位）,08,DISCIPLINE,中华人民共和国教育部
MOE_GRADUATE_2022,GRADUATE,08,工学,,,0831,生物医学工程（可授工学、理学、医学学位）,08,DISCIPLINE,中华人民共和国教育部
MOE_GRADUATE_2022,GRADUATE,08,工学,,,0832,食品科学与工程（可授工学、农学学位）,08,DISCIPLINE,中华人民共和国教育部
MOE_GRADUATE_2022,GRADUATE,08,工学,,,0833,城乡规划学,08,DISCIPLINE,中华人民共和国教育部
MOE_GRADUATE_2022,GRADUATE,08,工学,,,0835,软件工程,08,DISCIPLINE,中华人民共和国教育部
MOE_GRADUATE_2022,GRADUATE,08,工学,,,0836,生物工程,08,DISCIPLINE,中华人民共和国教育部
MOE_GRADUATE_2022,GRADUATE,08,工学,,,0837,安全科学与工程（可授工学、管理学学位）,08,DISCIPLINE,中华人民共和国教育部
MOE_GRADUATE_2022,GRADUATE,08,工学,,,0838,公安技术,08,DISCIPLINE,中华人民共和国教育部
MOE_GRADUATE_2022,GRADUATE,08,工学,,,0839,网络空间安全,08,DISCIPLINE,中华人民共和国教育部
MOE_GRADUATE_2022,GRADUATE,08,工学,,,0851,建筑,08,FIELD,中华人民共和国教育部
MOE_GRADUATE_2022,GRADUATE,08,工学,,,0853,城乡规划,08,FIELD,中华人民共和国教育部
MOE_GRADUATE_2022,GRADUATE,08,工学,,,0854,电子信息,08,DISCIPLINE,中华人民共和国教育部
MOE_GRADUATE_2022,GRADUATE,08,工学,,,0855,机械,08,DISCIPLINE,中华人民共和国教育部
MOE_GRADUATE_2022,GRADUATE,08,工学,,,0856,材料与化工,08,DISCIPLINE,中华人民共和国教育部
MOE_GRADUATE_2022,GRADUATE,08,工学,,,0857,资源与环境,08,DISCIPLINE,中华人民共和国教育部
MOE_GRADUATE_2022,GRADUATE,08,工学,,,0858,能源动力,08,DISCIPLINE,中华人民共和国教育部
MOE_GRADUATE_2022,GRADUATE,08,工学,,,0859,土木水利,08,DISCIPLINE,中华人民共和国教育部
MOE_GRADUATE_2022,GRADUATE,08,工学,,,0860,生物与医药,08,DISCIPLINE,中华人民共和国教育部
MOE_GRADUATE_2022,GRADUATE,08,工学,,,0861,交通运输,08,DISCIPLINE,中华人民共和国教育部
MOE_GRADUATE_2022,GRADUATE,08,工学,,,0862,风景园林,08,DISCIPLINE,中华人民共和国教育部
MOE_GRADUATE_2022,GRADUATE,09,农学,,,09,农学,,CATEGORY,中华人民共和国教育部
MOE_GRADUATE_2022,GRADUATE,09,农学,,,0901,作物学,09,DISCIPLINE,中华人民共和国教育部
MOE_GRADUATE_2022,GRADUATE,09,农学,,,0902,园艺学,09,DISCIPLINE,中华人民共和国教育部
MOE_GRADUATE_2022,GRADUATE,09,农学,,,0903,农业资源与环境,09,DISCIPLINE,中华人民共和国教育部
MOE_GRADUATE_2022,GRADUATE,09,农学,,,0904,植物保护,09,DISCIPLINE,中华人民共和国教育部
MOE_GRADUATE_2022,GRADUATE,09,农学,,,0905,畜牧学,09,DISCIPLINE,中华人民共和国教育部
MOE_GRADUATE_2022,GRADUATE,09,农学,,,0906,兽医学,09,DISCIPLINE,中华人民共和国教育部
MOE_GRADUATE_2022,GRADUATE,09,农学,,,0907,林学,09,DISCIPLINE,中华人民共和国教育部
MOE_GRADUATE_2022,GRADUATE,09,农学,,,0908,水产,09,DISCIPLINE,中华人民共和国教育部
MOE_GRADUATE_2022,GRADUATE,09,农学,,,0909,草学,09,DISCIPLINE,中华人民共和国教育部
MOE_GRADUATE_2022,GRADUATE,09,农学,,,0910,水土保持与荒漠化防治学,09,DISCIPLINE,中华人民共和国教育部
MOE_GRADUATE_2022,GRADUATE,09,农学,,,0951,农业,09,DISCIPLINE,中华人民共和国教育部
MOE_GRADUATE_2022,GRADUATE,09,农学,,,0952,兽医,09,DISCIPLINE,中华人民共和国教育部
MOE_GRADUATE_2022,GRADUATE,09,农学,,,0954,林业,09,DISCIPLINE,中华人民共和国教育部
MOE_GRADUATE_2022,GRADUATE,09,农学,,,0955,食品与营养,09,FIELD,中华人民共和国教育部
MOE_GRADUATE_2022,GRADUATE,10,医学,,,10,医学,,CATEGORY,中华人民共和国教育部
MOE_GRADUATE_2022,GRADUATE,10,医学,,,1001,基础医学（可授医学、理学学位）,10,DISCIPLINE,中华人民共和国教育部
MOE_GRADUATE_2022,GRADUATE,10,医学,,,1002,临床医学（同时设专业学位类别，代码为 1051）,10,DISCIPLINE,中华人民共和国教育部
MOE_GRADUATE_2022,GRADUATE,10,医学,,,1003,口腔医学（同时设专业学位类别，代码为 1052）,10,DISCIPLINE,中华人民共和国教育部
MOE_GRADUATE_2022,GRADUATE,10,医学,,,1004,公共卫生与预防医学（可授医学、理学学位）,10,DISCIPLINE,中华人民共和国教育部
MOE_GRADUATE_2022,GRADUATE,10,医学,,,1005,中医学,10,DISCIPLINE,中华人民共和国教育部
MOE_GRADUATE_2022,GRADUATE,10,医学,,,1006,中西医结合,10,DISCIPLINE,中华人民共和国教育部
MOE_GRADUATE_2022,GRADUATE,10,医学,,,1007,药学（可授医学、理学学位，同时设专业学位类别，,10,DISCIPLINE,中华人民共和国教育部
MOE_GRADUATE_2022,GRADUATE,10,医学,,,1008,中药学（可授医学、理学学位）,10,DISCIPLINE,中华人民共和国教育部
MOE_GRADUATE_2022,GRADUATE,10,医学,,,1009,特种医学,10,DISCIPLINE,中华人民共和国教育部
MOE_GRADUATE_2022,GRADUATE,10,医学,,,1011,护理学（可授医学、理学学位）,10,DISCIPLINE,中华人民共和国教育部
MOE_GRADUATE_2022,GRADUATE,10,医学,,,1012,法医学,10,DISCIPLINE,中华人民共和国教育部
MOE_GRADUATE_2022,GRADUATE,10,医学,,,1053,公共卫生,10,DISCIPLINE,中华人民共和国教育部
MOE_GRADUATE_2022,GRADUATE,10,医学,,,1054,护理,10,FIELD,中华人民共和国教育部
MOE_GRADUATE_2022,GRADUATE,10,医学,,,1056,中药,10,FIELD,中华人民共和国教育部
MOE_GRADUATE_2022,GRADUATE,10,医学,,,1057,中医,10,DISCIPLINE,中华人民共和国教育部
MOE_GRADUATE_2022,GRADUATE,10,医学,,,1058,医学技术,10,DISCIPLINE,中华人民共和国教育部
MOE_GRADUATE_2022,GRADUATE,10,医学,,,1059,针灸,10,FIELD,中华人民共和国教育部
MOE_GRADUATE_2022,GRADUATE,11,军事学,,,11,军事学,,CATEGORY,中华人民共和国教育部
MOE_GRADUATE_2022,GRADUATE,11,军事学,,,1101,军事思想与军事历史,11,DISCIPLINE,中华人民共和国教育部
MOE_GRADUATE_2022,GRADUATE,11,军事学,,,1102,战略学,11,DISCIPLINE,中华人民共和国教育部
MOE_GRADUATE_2022,GRADUATE,11,军事学,,,1103,联合作战学,11,DISCIPLINE,中华人民共和国教育部
MOE_GRADUATE_2022,GRADUATE,11,军事学,,,1104,军兵种作战学,11,DISCIPLINE,中华人民共和国教育部
MOE_GRADUATE_2022,GRADUATE,11,军事学,,,1105,军队指挥学,11,DISCIPLINE,中华人民共和国教育部
MOE_GRADUATE_2022,GRADUATE,11,军事学,,,1106,军队政治工作学,11,DISCIPLINE,中华人民共和国教育部
MOE_GRADUATE_2022,GRADUATE,11,军事学,,,1107,军事后勤学,11,DISCIPLINE,中华人民共和国教育部
MOE_GRADUATE_2022,GRADUATE,11,军事学,,,1108,军事装备学,11,DISCIPLINE,中华人民共和国教育部
MOE_GRADUATE_2022,GRADUATE,11,军事学,,,1109,军事管理学,11,DISCIPLINE,中华人民共和国教育部
MOE_GRADUATE_2022,GRADUATE,11,军事学,,,1110,军事训练学,11,DISCIPLINE,中华人民共和国教育部
MOE_GRADUATE_2022,GRADUATE,11,军事学,,,1111,军事智能,11,DISCIPLINE,中华人民共和国教育部
MOE_GRADUATE_2022,GRADUATE,11,军事学,,,1152,联合作战指挥,11,FIELD,中华人民共和国教育部
MOE_GRADUATE_2022,GRADUATE,11,军事学,,,1153,军兵种作战指挥,11,FIELD,中华人民共和国教育部
MOE_GRADUATE_2022,GRADUATE,11,军事学,,,1154,作战指挥保障,11,FIELD,中华人民共和国教育部
MOE_GRADUATE_2022,GRADUATE,11,军事学,,,1155,战时政治工作,11,FIELD,中华人民共和国教育部
MOE_GRADUATE_2022,GRADUATE,11,军事学,,,1156,后勤与装备保障,11,FIELD,中华人民共和国教育部
MOE_GRADUATE_2022,GRADUATE,11,军事学,,,1157,军事训练与管理,11,FIELD,中华人民共和国教育部
MOE_GRADUATE_2022,GRADUATE,12,管理学,,,12,管理学,,CATEGORY,中华人民共和国教育部
MOE_GRADUATE_2022,GRADUATE,12,管理学,,,1201,管理科学与工程（可授管理学、工学学位）,12,DISCIPLINE,中华人民共和国教育部
MOE_GRADUATE_2022,GRADUATE,12,管理学,,,1202,工商管理学,12,DISCIPLINE,中华人民共和国教育部
MOE_GRADUATE_2022,GRADUATE,12,管理学,,,1203,农林经济管理,12,DISCIPLINE,中华人民共和国教育部
MOE_GRADUATE_2022,GRADUATE,12,管理学,,,1204,公共管理学,12,DISCIPLINE,中华人民共和国教育部
MOE_GRADUATE_2022,GRADUATE,12,管理学,,,1205,信息资源管理,12,DISCIPLINE,中华人民共和国教育部
MOE_GRADUATE_2022,GRADUATE,12,管理学,,,1251,工商管理,12,FIELD,中华人民共和国教育部
MOE_GRADUATE_2022,GRADUATE,12,管理学,,,1252,公共管理,12,FIELD,中华人民共和国教育部
MOE_GRADUATE_2022,GRADUATE,12,管理学,,,1253,会计,12,DISCIPLINE,中华人民共和国教育部
MOE_GRADUATE_2022,GRADUATE,12,管理学,,,1254,旅游管理,12,FIELD,中华人民共和国教育部
MOE_GRADUATE_2022,GRADUATE,12,管理学,,,1255,图书情报,12,FIELD,中华人民共和国教育部
MOE_GRADUATE_2022,GRADUATE,12,管理学,,,1256,工程管理,12,FIELD,中华人民共和国教育部
MOE_GRADUATE_2022,GRADUATE,12,管理学,,,1257,审计,12,DISCIPLINE,中华人民共和国教育部
MOE_GRADUATE_2022,GRADUATE,13,艺术学,,,13,艺术学,,CATEGORY,中华人民共和国教育部
MOE_GRADUATE_2022,GRADUATE,13,艺术学,,,1301,艺术学（含音乐、舞蹈、戏剧与影视、戏曲与曲艺、,13,DISCIPLINE,中华人民共和国教育部
MOE_GRADUATE_2022,GRADUATE,13,艺术学,,,1352,音乐,13,DISCIPLINE,中华人民共和国教育部
MOE_GRADUATE_2022,GRADUATE,13,艺术学,,,1353,舞蹈,13,DISCIPLINE,中华人民共和国教育部
MOE_GRADUATE_2022,GRADUATE,13,艺术学,,,1354,戏剧与影视,13,DISCIPLINE,中华人民共和国教育部
MOE_GRADUATE_2022,GRADUATE,13,艺术学,,,1355,戏曲与曲艺,13,DISCIPLINE,中华人民共和国教育部
MOE_GRADUATE_2022,GRADUATE,13,艺术学,,,1356,美术与书法,13,DISCIPLINE,中华人民共和国教育部
MOE_GRADUATE_2022,GRADUATE,13,艺术学,,,1357,设计,13,DISCIPLINE,中华人民共和国教育部
MOE_GRADUATE_2022,GRADUATE,14,交叉学科,,,14,交叉学科,,CATEGORY,中华人民共和国教育部
MOE_GRADUATE_2022,GRADUATE,14,交叉学科,,,1401,集成电路科学与工程（可授理学、工学学位）,14,DISCIPLINE,中华人民共和国教育部
MOE_GRADUATE_2022,GRADUATE,14,交叉学科,,,1402,国家安全学（可授法学、工学、管理学、军事学学位）,14,DISCIPLINE,中华人民共和国教育部
MOE_GRADUATE_2022,GRADUATE,14,交叉学科,,,1403,设计学（可授工学、艺术学学位）,14,DISCIPLINE,中华人民共和国教育部
MOE_GRADUATE_2022,GRADUATE,14,交叉学科,,,1404,遥感科学与技术（可授理学、工学学位）,14,DISCIPLINE,中华人民共和国教育部
MOE_GRADUATE_2022,GRADUATE,14,交叉学科,,,1405,智能科学与技术（可授理学、工学学位）,14,DISCIPLINE,中华人民共和国教育部
MOE_GRADUATE_2022,GRADUATE,14,交叉学科,,,1406,纳米科学与工程（可授理学、工学学位）,14,DISCIPLINE,中华人民共和国教育部
MOE_GRADUATE_2022,GRADUATE,14,交叉学科,,,1407,区域国别学（可授经济学、法学、文学、历史学学位）,14,DISCIPLINE,中华人民共和国教育部
MOE_GRADUATE_2022,GRADUATE,14,交叉学科,,,1451,文物,14,DISCIPLINE,中华人民共和国教育部
MOE_GRADUATE_2022,GRADUATE,14,交叉学科,,,1452,密码,14,FIELD,中华人民共和国教育部
